child,child_kind,parent,source_note
Colgate,brand,Colgate-Palmolive,Colgate-Palmolive annual report
Tom's of Maine,brand,Colgate-Palmolive,Acquired by Colgate-Palmolive in 2006
hello,brand,Colgate-Palmolive,Acquired by Colgate-Palmolive in 2020
Crest,brand,Procter & Gamble,Procter & Gamble brand list
Oral-B,brand,Procter & Gamble,Procter & Gamble brand list
Sensodyne,brand,Haleon,Haleon brand list
Aquafresh,brand,Haleon,Haleon brand list
Parodontax,brand,Haleon,Haleon brand list
Arm & Hammer,brand,Church & Dwight,Church & Dwight brand list
Burt's Bees,brand,Clorox,Acquired by Clorox in 2007
Schmidt's,brand,Unilever,Acquired by Unilever in 2017
